,cdb,brasil_plural,bnp_paribas,adam,azquest,brax11,smal11
2015-02-02,41.2693865834,1.57738168,1022.323144,,1.454736,38.72,47.37
2015-02-03,41.28806729035,1.57807984,1022.8047586,,1.4555603,39.73,47.86
2015-02-04,41.306771076649994,1.57878943,1023.2596387,,1.4628789,40.21,47.92
2015-02-05,41.32548333614999,1.57949156,1023.7264208,,1.4568094,40.15,48.3
2015-02-06,41.3442040723,1.58019152,1024.1816448,,1.4563223,39.65,48.0
2015-02-09,41.362933289699995,1.58089343,1024.6368765,,1.455383,39.82,48.29
2015-02-10,41.381670990649994,1.58158702,1025.1037256,,1.4595493,39.86,47.96
2015-02-11,41.4004171809,1.5822832,1025.5713334,,1.4626095,39.29,46.92
2015-02-12,41.41917186275,1.58297915,1026.0304515,,1.4605428,40.33,47.65
2015-02-13,41.43793504079999,1.58368353,1026.47978,,1.4536249,41.17,48.42
2015-02-18,41.456706718499994,1.58439302,1026.9386878,,1.453588,41.17,49.26
2015-02-19,41.475486900449994,1.58509787,1027.3956897,,1.4500181,41.82,49.47
2015-02-20,41.494275590099996,1.58580068,1027.8580934,,1.4526509,41.69,49.3
2015-02-23,41.5130727909,1.58650116,1028.326927,,1.4486461,41.69,48.99
2015-02-24,41.531878506299996,1.5872069,1028.7792939,,1.4472861,41.81,49.34
2015-02-25,41.5506927409,1.58790941,1029.2246244,,1.4492432,41.7,49.35
2015-02-26,41.569515499299996,1.58861484,1029.6882901,,1.4561025,41.93,50.35
2015-02-27,41.5883467838,1.58928864,1030.1229034,,1.4517797,42.01,49.49
2015-03-02,41.607186599,1.58999829,1030.5786764,,1.456003,41.49,49.31
2015-03-03,41.626034949499996,1.59070811,1031.0433053,,1.4588332,41.63,49.37
2015-03-04,41.6448918376,1.59141626,1031.4985589,,1.4627318,41.18,48.7
2015-03-05,41.663757267899996,1.59212187,1031.9631386,,1.4621683,40.99,48.68
2015-03-06,41.68338213404999,1.59286393,1032.4404103,,1.4638806,40.8,48.39
2015-03-09,41.7030162439,1.59360316,1032.9362025,,1.4678982,40.12,47.3
2015-03-10,41.722659602049994,1.59434259,1033.4351418,,1.4659369,39.55,47.21
2015-03-11,41.74231221309999,1.59509698,1033.9262603,,1.4687237,39.9,48.0
2015-03-12,41.761974080499996,1.59583759,1034.3942293,,1.4690438,40.5,48.18
2015-03-13,41.78164520885,1.59657577,1034.8772459,,1.4690075,39.85,48.02
2015-03-16,41.801325603900004,1.59731033,1035.3642047,,1.4678024,39.85,48.04
2015-03-17,41.821015267949996,1.59804809,1035.8429239,,1.468278,40.82,48.7
2015-03-18,41.84071420675,1.59878566,1036.3326351,,1.4628209,42.09,49.48
2015-03-19,41.8604224249,1.59952274,1036.8190785,,1.4714373,42.09,49.15
2015-03-20,41.880139925849996,1.60026738,1037.3144663,,1.4693826,42.48,50.0
2015-03-23,41.8998667142,1.60100502,1037.7893744,,1.470174,42.41,50.33
2015-03-24,41.91961756745,1.6017409,1038.2832593,,1.4710273,41.93,50.29
2015-03-25,41.939377731099995,1.60248379,1038.7534192,,1.4739261,42.36,50.22
2015-03-26,41.959147208599994,1.60322551,1039.2149652,,1.4791029,41.45,49.56
2015-03-27,41.978926005699996,1.60397005,1039.6989625,,1.4829161,40.91,49.11
2015-03-30,41.99871412585,1.6047144,1040.1753083,,1.4790753,41.76,49.77
2015-03-31,42.018496766249996,1.60545816,1040.6532986,,1.4859125,41.8,49.92
2015-04-01,42.038288725099996,1.60621077,1041.1408333,,1.4810523,42.64,50.59
2015-04-02,42.05809000585,1.60695657,1041.6243661,,1.4736379,43.38,51.26
2015-04-06,42.07790061424999,1.60770377,1042.1005413,,1.4776906,43.76,52.21
2015-04-07,42.09772055375,1.60844721,1042.5698234,,1.4809313,43.81,51.66
2015-04-08,42.11754982895,1.60919549,1043.0315379,,1.4764402,44.0,51.6
2015-04-09,42.137388444449996,1.60993764,1043.4994652,,1.4777693,43.82,51.33
2015-04-10,42.157236404849996,1.610688,1043.9749747,,1.4759973,44.07,51.44
2015-04-13,42.177093713599994,1.611445,1044.4464581,,1.4805682,44.33,51.64
2015-04-14,42.19696037645,1.61219461,1044.8995703,,1.4828357,43.88,51.55
2015-04-15,42.21683639685,1.61294325,1045.3755286,,1.4814335,43.88,52.07
2015-04-16,42.23672177939999,1.61369221,1045.8553799,,1.4842097,44.37,51.92
2015-04-17,42.2566165287,1.61443825,1046.3400503,,1.4865856,43.9,51.78
2015-04-20,42.2765206482,1.61518363,1046.8321825,,1.4882504,43.9,51.62
2015-04-22,42.296434143649996,1.61593694,1047.616414,,1.4869607,43.9,52.28
2015-04-23,42.3163570185,1.61669594,1048.0905971,,1.4882991,44.17,52.76
2015-04-24,42.33628927849999,1.61744743,1048.5518419,,1.48671,45.5,53.05
2015-04-27,42.35623092709999,1.61819988,1049.0164448,,1.4857133,45.08,52.46
2015-04-28,42.37619690165,1.61895233,1049.4797005,,1.4818708,45.08,52.18
2015-04-29,42.39618722744999,1.61970723,1049.9765708,,1.4934257,45.08,51.3
2015-04-30,42.41618698325,1.62046259,1050.3938966,,1.4956856,45.59,51.36
2015-05-04,42.436927274649996,1.62121975,1050.9075747,,1.4924191,46.49,52.22
2015-05-05,42.45767770675,1.62199115,1051.4228927,,1.4872196,47.03,52.75
2015-05-06,42.4784680887,1.62277399,1051.9396509,,1.4891977,46.13,52.2
2015-05-07,42.4992686516,1.62356136,1052.472187,,1.4901152,46.13,52.03
2015-05-08,42.520079398899995,1.6243482,1053.0057788,,1.4822898,46.13,52.39
2015-05-11,42.54090033749999,1.62511652,1053.5026331,,1.4835929,46.58,52.23
2015-05-12,42.56173147085,1.62588692,1054.0203993,,1.4914171,46.25,51.9
2015-05-13,42.58257280469999,1.62650505,1054.5298106,,1.4923475,45.84,51.43
2015-05-14,42.6034243448,1.62750141,1055.0338983,,1.4915781,46.11,51.92
2015-05-15,42.6242860946,1.62799969,1055.5444663,,1.494134,46.54,52.7
2015-05-18,42.64515805985,1.62904911,1056.0644655,,1.4961037,45.67,52.06
2015-05-19,42.66604024629999,1.62985305,1056.5531594,,1.4898643,45.3,51.84
2015-05-20,42.68693265739999,1.63064356,1057.0674491,,1.4937249,45.3,52.03
2015-05-21,42.707835298899994,1.63144686,1057.5734096,,1.498988,44.6,51.95
2015-05-22,42.72874817655,1.63221319,1058.1361126,,1.5042524,44.35,51.36
2015-05-25,42.7496712938,1.63300823,1058.5906901,,1.5068837,44.62,51.41
2015-05-26,42.770604657549995,1.63380642,1059.0862836,,1.5139249,43.82,50.6
2015-05-27,42.79154827125,1.63454305,1059.5943364,,1.5159987,44.19,51.11
2015-05-28,42.81250214065,1.63532776,1060.1049365,,1.5179758,43.82,50.99
2015-05-29,42.833466270349994,1.63611479,1060.6074751,,1.516825,43.13,50.25
2015-06-01,42.8544406661,1.63698406,1061.1240208,,1.5185897,43.29,50.65
2015-06-02,42.8754253325,1.63786669,1061.6393464,,1.5181358,44.2,51.44
2015-06-03,42.896420274149996,1.63859898,1062.1577567,,1.5206883,43.72,51.04
2015-06-05,42.91742549679999,1.63937996,1062.6708111,,1.5247298,43.43,50.97
2015-06-08,42.9392074214,1.64025158,1063.2046037,,1.5233485,43.43,50.7
2015-06-09,42.96100040095,1.64109745,1063.7257976,,1.5225282,43.48,50.5
2015-06-10,42.982804441199995,1.64192298,1064.2615042,,1.520371,43.48,50.72
2015-06-11,43.0046195479,1.64276337,1064.8038996,,1.5189159,43.81,50.57
2015-06-12,43.02644572565,1.64359831,1065.3661801,,1.5206444,43.53,50.24
2015-06-15,43.04828298135,1.64442485,1065.8860636,,1.5214366,43.44,50.12
2015-06-16,43.070131319599994,1.64538097,1066.4325977,,1.5152367,43.44,50.03
2015-06-17,43.091990747299995,1.64618982,1066.9632904,,1.5164796,43.54,49.82
2015-06-18,43.11386126905,1.64702631,1067.5089622,,1.5118343,44.2,50.17
2015-06-19,43.1357428906,1.64783966,1068.0448035,,1.5172683,43.83,50.17
2015-06-22,43.157635617699995,1.64862238,1068.5862711,,1.5128712,43.83,50.29
2015-06-23,43.179539456099995,1.64950541,1069.1285133,,1.5169492,44.25,50.4
2015-06-24,43.201454411549996,1.65033499,1069.6584365,,1.5169817,43.94,50.0
2015-06-25,43.2233804898,1.65116672,1070.1954093,,1.5204308,43.45,49.51
2015-06-26,43.24531769544999,1.65195492,1070.7409029,,1.5159313,43.45,49.76
2015-06-29,43.26726603539999,1.65268806,1071.268629,,1.5165723,43.31,49.15
2015-06-30,43.2892255154,1.65336706,1071.7905523,,1.5178953,43.39,49.57
2015-07-01,43.311196140049994,1.65421787,1072.327629,,1.5206901,43.39,49.76
2015-07-02,43.3331779151,1.65510375,1072.8621439,,1.5191062,43.39,50.0
2015-07-03,43.35517084745,1.65596353,1073.3888661,,1.526501,43.39,49.67
2015-07-06,43.3771749417,1.65680283,1073.9181537,,1.5259293,43.19,49.6
2015-07-07,43.39919020359999,1.65762532,1074.4478185,,1.5267995,42.97,49.29
2015-07-08,43.4212166389,1.65846496,1074.9872258,,1.5297602,42.53,49.05
2015-07-09,43.44325425335,1.65925807,1075.5097375,,1.5297502,42.53,49.05
2015-07-10,43.4653030527,1.66009805,1076.0593298,,1.5286434,43.25,49.6
2015-07-13,43.4873630427,1.66097478,1076.6191144,,1.5270495,43.42,49.81
2015-07-14,43.509434227949995,1.66181523,1077.1492433,,1.5254023,43.42,50.0
2015-07-15,43.53151661535,1.66266037,1077.7109493,,1.5248248,43.42,50.26
2015-07-16,43.55361021064999,1.66343656,1078.2570695,,1.527555,43.49,50.34
2015-07-17,43.57571501845,1.66427814,1078.7858459,,1.5294489,43.49,49.79
2015-07-20,43.59783104565,1.66509192,1079.3120159,,1.5342749,43.49,49.3
2015-07-21,43.619958296849994,1.66593969,1079.8579838,,1.5350997,42.31,49.16
2015-07-22,43.64209677895,1.6667781,1080.395139,,1.5376324,42.31,48.69
2015-07-23,43.66424649654999,1.6676256,1080.9222909,,1.5477565,42.31,47.51
2015-07-24,43.686407455399994,1.6683921,1081.4961548,,1.5563893,42.31,46.95
2015-07-27,43.7085796624,1.66929855,1082.0445588,,1.5565176,40.47,46.73
2015-07-28,43.730763122149995,1.67008342,1082.5816773,,1.5629007,40.97,46.92
2015-07-29,43.75295784039999,1.67088592,1083.125711,,1.5656624,40.97,47.24
2015-07-30,43.77516382405,1.67172124,1083.6633638,,1.5686743,41.56,47.67
2015-07-31,43.798128870949995,1.67259071,1084.2497208,,1.5708501,41.93,47.71
2015-08-03,43.82110596525,1.67345475,1084.794793,,1.5722981,41.93,47.25
2015-08-04,43.844095113849995,1.67433166,1085.3689981,,1.573211,41.93,47.36
2015-08-05,43.8670963225,1.67520165,1085.9475227,,1.5766172,41.93,47.25
2015-08-06,43.8901095981,1.67604141,1086.5132673,,1.5835101,41.4,46.65
2015-08-07,43.9131349464,1.67691857,1087.114092,,1.5844999,40.96,45.81
2015-08-10,43.93617237429999,1.67780566,1087.6945768,,1.5794435,40.68,45.84
2015-08-11,43.9592218887,1.67868294,1088.2721568,,1.5804457,40.55,45.3
2015-08-12,43.9822834942,1.67955207,1088.8527686,,1.5790039,40.16,45.54
2015-08-13,44.00535719885,1.68042963,1089.4006143,,1.5886803,39.6,45.41
2015-08-14,44.0284430084,1.68128398,1089.9780747,,1.5880444,39.36,45.27
2015-08-17,44.0515409286,1.68215113,1090.5334248,,1.5857243,39.46,45.45
2015-08-18,44.07465096635,1.6830059,1091.1043595,,1.5883263,39.58,45.35
2015-08-19,44.09777312855,1.68380462,1091.7083079,,1.5935044,38.35,44.43
2015-08-20,44.12090742094999,1.68472581,1092.2737325,,1.5862483,38.16,44.56
2015-08-21,44.1440538493,1.68558836,1092.8303601,,1.5911421,37.85,43.7
2015-08-24,44.1672124205,1.68645668,1093.405653,,1.5870633,36.7,42.43
2015-08-25,44.19038314145,1.68732938,1093.9849084,,1.5886549,36.9,42.78
2015-08-26,44.21356601789999,1.68824712,1094.5540419,,1.587964,38.08,43.42
2015-08-27,44.23676105674999,1.68910051,1095.1109791,,1.5792198,39.28,44.28
2015-08-28,44.25996826375,1.68997263,1095.6796683,,1.583722,38.97,44.2
2015-08-31,44.2831876458,1.69096406,1096.2576042,,1.5909942,38.57,43.48
2015-09-01,44.30641920865,1.69181289,1096.8464389,,1.6006444,37.65,42.62
2015-09-02,44.3296629592,1.69271221,1097.4379822,,1.6090163,38.38,42.38
2015-09-03,44.3529189032,1.69336834,1098.0325037,,1.6114691,38.93,43.14
2015-09-04,44.37618704755,1.69444777,1098.5946903,,1.616407,38.65,43.0
2015-09-08,44.39946739914999,1.6954171,1099.2056153,,1.6148664,38.7,43.05
2015-09-09,44.422759963749996,1.69619918,1099.7531756,,1.6166397,39.03,43.12
2015-09-10,44.446064748249995,1.6971822,1100.3412944,,1.6175844,38.13,42.74
2015-09-11,44.4693817584,1.69813198,1100.9642662,,1.6198114,38.23,42.74
2015-09-14,44.4927110011,1.69905691,1101.5461483,,1.614684,38.98,44.22
2015-09-15,44.51605248325,1.69969269,1102.1162465,,1.6165229,39.09,44.16
2015-09-16,44.53940621059999,1.70093314,1102.71186,,1.6110151,39.11,45.3
2015-09-17,44.5627721889,1.70171964,1103.3016185,,1.6108166,39.87,45.93
2015-09-18,44.58615042504999,1.70289543,1103.9037742,,1.6117005,38.87,44.78
2015-09-21,44.60954092594999,1.70359819,1104.5056737,,1.6103874,38.65,43.95
2015-09-22,44.63294369849999,1.70457623,1105.0883066,,1.6135425,39.0,43.2
2015-09-23,44.656358748449996,1.70555828,1105.6953194,,1.6177816,39.0,42.45
2015-09-24,44.67978608155,1.70668224,1106.3578768,,1.615235,37.47,42.35
2015-09-25,44.703225705849995,1.70776687,1106.9382553,,1.6131232,37.47,42.36
2015-09-28,44.726677625949996,1.70835826,1107.4776213,,1.6089298,36.6,41.55
2015-09-29,44.7501418499,1.70906506,1108.1311509,,1.6117187,36.73,41.7
2015-09-30,44.77361838345,1.70979467,1108.7750803,,1.6158079,37.3,42.18
2015-10-01,44.797107232349994,1.71075646,1109.3380751,,1.6123796,37.51,41.87
2015-10-02,44.820608404649995,1.71155719,1109.8696259,,1.6146309,38.89,43.25
2015-10-05,44.84412190609999,1.71243325,1110.3604183,,1.6127799,39.33,44.04
2015-10-06,44.867647742449996,1.71331467,1110.905708,,1.6155889,39.56,44.62
2015-10-07,44.8911859206,1.71419222,1111.4574123,,1.6042534,40.27,45.34
2015-10-08,44.91473644745,1.71507301,1112.040926,,1.6028494,40.4,46.0
2015-10-09,44.93829932989999,1.7159513,1112.600109,,1.6008106,40.4,46.17
2015-10-13,44.961874573699994,1.716838,1113.1997151,,1.6123877,38.94,45.0
2015-10-14,44.985462184599996,1.71772382,1113.7846028,,1.6090189,38.5,44.42
2015-10-15,45.00906217064999,1.71860683,1114.3487318,,1.6079331,38.71,44.81
2015-10-16,45.032674537599995,1.71948906,1114.9307986,,1.6101068,39.04,45.06
2015-10-19,45.05629929119999,1.72037365,1115.5064479,,1.6106168,38.99,45.32
2015-10-20,45.079936438349996,1.72126521,1116.1014687,,1.6112056,39.11,44.97
2015-10-21,45.10358598595,1.72215444,1116.6756118,,1.6143092,38.98,45.16
2015-10-22,45.12724794089999,1.72304643,1117.2762894,,1.6118392,38.98,45.74
2015-10-23,45.15093800759999,1.72393181,1117.8630502,,1.6241883,40.22,46.15
2015-10-26,45.1746405104,1.72482643,1118.4472235,,1.6244125,40.22,45.5
2015-10-27,45.1983554562,1.72571806,1119.0587169,,1.6279333,38.96,45.53
2015-10-28,45.2220828519,1.7266085,1119.6226559,,1.6324261,39.05,45.0
2015-10-29,45.24582270324999,1.7275004,1120.2370336,,1.6320564,38.53,44.82
2015-10-30,45.26957501715,1.72839216,1120.7935458,,1.6342667,37.81,44.49
2015-11-03,45.29333979935,1.72928482,1121.3921991,,1.6175878,38.22,46.1
2015-11-04,45.31711705789999,1.7301777,1121.9577326,,1.6255437,39.96,46.34
2015-11-05,45.34090679855,1.73107142,1122.5405215,,1.6200646,39.96,46.85
2015-11-06,45.3647090282,1.73196726,1123.1082408,,1.6229604,39.96,46.23
2015-11-09,45.388523752599994,1.73286146,1123.6935853,,1.623606,38.26,45.91
2015-11-10,45.41235097865,1.73375005,1124.3052592,,1.6227011,37.66,45.78
2015-11-11,45.43619071325,1.7346441,1124.8993588,,1.6248231,37.66,46.6
2015-11-12,45.4600429633,1.73554147,1125.4778577,,1.6278074,38.56,46.45
2015-11-13,45.483907734549994,1.73643737,1126.0566948,,1.6231486,38.48,46.14
2015-11-16,45.50778503389999,1.73733586,1126.6302916,,1.621882,38.35,46.02
2015-11-17,45.531674867099994,1.73823716,1127.2073394,,1.618585,38.35,46.43
2015-11-18,45.5555772422,1.73913503,1127.8296382,,1.6190165,38.35,46.7
2015-11-19,45.57949216494999,1.74003539,1128.3984313,,1.6195469,38.35,46.8
2015-11-20,45.60341964225,1.74093582,1128.955668,,1.6196328,38.35,46.8
2015-11-23,45.627359680999994,1.74183847,1129.5500134,,1.6210007,39.85,46.97
2015-11-24,45.651312286949995,1.74274026,1130.1178396,,1.6143767,39.41,46.47
2015-11-25,45.675277466999994,1.74364413,1130.6974444,,1.6158211,39.41,45.76
2015-11-26,45.69925522804999,1.74454639,1131.2782613,,1.6164319,39.41,45.8
2015-11-27,45.723245575849994,1.74545204,1131.887838,,1.6193677,37.99,44.94
2015-11-30,45.74724851845,1.74635204,1132.4873633,,1.6230675,37.28,43.57
2015-12-01,45.7712640616,1.74725828,1133.0831594,,1.6286096,37.04,43.46
2015-12-02,45.795292212199996,1.74816296,1133.6658408,,1.6237378,36.98,43.0
2015-12-03,45.81933297599999,1.74906625,1134.2599868,,1.6251372,38.47,44.73
2015-12-04,45.8433863599,1.74996925,1134.8631673,,1.6232747,37.3,43.46
2015-12-07,45.86745237195,1.75086461,1135.4637037,,1.6278919,37.41,43.62
2015-12-08,45.891531016749994,1.75176153,1136.0459686,,1.6338969,36.64,42.69
2015-12-09,45.915622302349995,1.75266135,1136.6310601,,1.6381384,38.0,43.39
2015-12-10,45.93972623449999,1.75354198,1137.1897448,,1.6386774,37.58,42.85
2015-12-11,45.96384282125,1.754451,1137.8051148,,1.6409976,37.41,42.92
2015-12-14,45.98797206835,1.75535683,1138.4021003,,1.6421895,36.86,42.1
2015-12-15,46.01211398155,1.75625804,1138.9889444,,1.6378889,36.86,42.31
2015-12-16,46.0362685689,1.75713898,1139.5792813,,1.6472231,36.99,41.85
2015-12-17,46.06043583614999,1.75804435,1140.1753659,,1.6482868,38.01,42.3
2015-12-18,46.0846157902,1.75894343,1140.7361752,,1.6440255,36.1,41.03
2015-12-21,46.108808437949996,1.75984741,1141.3279817,,1.6450567,35.88,40.9
2015-12-22,46.1330137863,1.76075362,1141.9250184,,1.6495293,35.79,40.86
2015-12-23,46.157231841,1.76166048,1142.5122332,,1.6547507,36.36,41.51
2015-12-24,46.18146260894999,1.76256975,1143.0845541,,1.654919,36.36,41.51
2015-12-28,46.20570609704999,1.76348087,1143.6895694,,1.6449415,36.27,41.55
2015-12-29,46.229962312199994,1.7643923,1144.2462029,,1.6434554,36.27,41.23
2015-12-30,46.2542312613,1.76530205,1144.8441861,,1.6475918,35.81,41.53
2015-12-31,46.278512950099994,1.76621193,1145.4372837,,1.6476653,35.81,41.53
2016-01-04,46.302807386649995,1.76712405,1146.1110738,,1.6454418,35.07,39.94
2016-01-05,46.3271145767,1.76803693,1146.6328539,,1.6516584,34.91,39.61
2016-01-06,46.35143452715,1.76895366,1147.2188789,,1.6505442,34.75,39.28
2016-01-07,46.37576724489999,1.76985572,1147.7942749,,1.6524467,33.85,38.6
2016-01-08,46.4001127357,1.77077181,1148.3884719,,1.651917,34.02,38.76
2016-01-11,46.4244710076,1.77168905,1148.9931732,,1.6483489,33.28,38.2
2016-01-12,46.44884206635,1.77262459,1149.5951785,,1.6532668,32.82,38.14
2016-01-13,46.47322591885,1.77351838,1150.1951255,,1.6517192,32.34,37.5
2016-01-14,46.49762257199999,1.77442418,1150.8141995,,1.6519015,32.34,37.5
2016-01-15,46.5220320327,1.77534896,1151.4177817,,1.6556508,32.13,36.44
2016-01-18,46.5464543067,1.77627258,1151.9869909,,1.6468843,31.65,36.45
2016-01-19,46.57088940205,1.77719535,1152.5721875,,1.6508851,32.09,36.28
2016-01-20,46.595337324499994,1.77809371,1153.0563343,,1.6597764,31.09,35.47
2016-01-21,46.61979808095,1.77899471,1153.6987511,,1.6631692,31.3,35.49
2016-01-22,46.644255461,1.77985506,1154.2351399,,1.6658077,31.58,35.76
2016-01-25,46.668725671599994,1.78076168,1154.7685528,,1.6658162,31.58,35.76
2016-01-26,46.693208719649995,1.7816845,1155.3995879,,1.6609206,31.18,35.51
2016-01-27,46.71770461205,1.7824573,1155.8749247,,1.65731655,31.32,36.18
2016-01-28,46.742213355699995,1.78337044,1156.4795735,,1.65648497,31.32,36.09
2016-01-29,46.76673495634999,1.78428802,1157.0389623,,1.65347841,33.58,37.71
2016-02-01,46.79126942204999,1.78518772,1157.5576224,,1.64913162,33.43,38.52
2016-02-02,46.81581675855,1.78608498,1158.0264681,,1.65061883,32.71,37.75
2016-02-03,46.84037697275,1.78700118,1158.6044712,,1.64402778,32.71,37.86
2016-02-04,46.86495007155,1.78797986,1159.1668332,,1.63799286,33.91,38.53
2016-02-05,46.88953606185,1.7889012,1159.7550523,,1.64196108,33.94,39.01
2016-02-10,46.91413495054999,1.78982136,1160.3310448,,1.64116267,33.94,38.35
2016-02-11,46.938746744549995,1.7907436,1160.899646,,1.64032429,32.49,37.49
2016-02-12,46.9633714496,1.79167075,1161.4952735,,1.63763651,32.98,37.37
2016-02-15,46.98800907375,1.79258448,1162.0995196,,1.6334087,32.98,37.66
2016-02-16,47.01265962275,1.79347949,1162.6634082,,1.6381467,33.98,38.7
2016-02-17,47.0373231035,1.7943743,1163.2549522,,1.63565741,34.48,39.07
2016-02-18,47.061999522899995,1.79528095,1163.8338146,,1.63535856,34.32,38.79
2016-02-19,47.086688887849995,1.79620508,1164.4364088,,1.63590516,34.27,38.84
2016-02-22,47.11139120525,1.79711721,1165.0081673,,1.61786466,35.83,40.0
2016-02-23,47.136106481999995,1.79803461,1165.5617217,,1.62627866,35.2,39.4
2016-02-24,47.160834725,1.79890834,1166.1633696,,1.62372024,34.62,38.94
2016-02-25,47.18557594115,1.7998275,1166.7558896,,1.62311261,34.46,39.07
2016-02-26,47.2103301362,1.80074381,1167.3482882,,1.63209384,34.8,38.86
2016-02-29,47.23509731819999,1.80165898,1167.9412027,,1.6324971,35.3,39.65
2016-03-01,47.259877492899996,1.80255965,1168.5032356,,1.62749212,36.27,40.5
2016-03-02,47.2846706672,1.80347754,1169.0973954,,1.62108891,36.42,40.82
2016-03-03,47.30947684915,1.80439841,1169.7187636,,1.60981812,37.75,42.19
2016-03-04,47.3342960445,1.80534445,1170.3232869,,1.59479658,40.17,43.13
2016-03-07,47.359128260149994,1.80628389,1170.9091564,,1.59456878,40.41,43.45
2016-03-08,47.383973503,1.80722493,1171.5036069,,1.60358867,40.09,43.8
2016-03-09,47.40883177994999,1.80815692,1172.0966916,,1.60882974,40.01,44.04
2016-03-10,47.4337030979,1.80907481,1172.675884,,1.61350884,40.76,44.6
2016-03-11,47.45858746374999,1.81001938,1173.2849527,,1.61975761,40.54,44.34
2016-03-14,47.48348488439999,1.81095869,1173.8919222,,1.62132747,40.16,42.5
2016-03-15,47.508395366749994,1.81188731,1174.5146796,,1.60521089,38.83,42.04
2016-03-16,47.5333189177,1.81283404,1175.145119,,1.6090539,38.34,42.9
2016-03-17,47.55825554415,1.8137684,1175.746013,,1.6234741,41.41,44.5
2016-03-18,47.583205251849996,1.81471778,1176.3298623,,1.62897524,41.35,44.65
2016-03-21,47.60816804885,1.81566438,1176.9329837,,1.6208762,41.55,45.15
2016-03-22,47.63314394205,1.81660045,1177.5256623,,1.61624333,41.6,45.15
2016-03-23,47.6581329372,1.81754061,1178.1186738,,1.61522286,40.73,44.25
2016-03-24,47.683135042349996,1.81848866,1178.7474345,,1.61234255,40.52,43.94
2016-03-28,47.7081502644,1.81943459,1179.3721146,,1.62242188,41.7,44.79
2016-03-29,47.733178609099994,1.82037268,1179.9467755,,1.62776041,42.0,45.15
2016-03-30,47.758220084499996,1.82131038,1180.5534001,,1.63540295,42.0,45.59
2016-03-31,47.78327469634999,1.8222502,1181.1688313,,1.6390171,40.94,44.25
2016-04-01,47.808342452699996,1.82320992,1181.7999497,,1.64059722,41.33,44.86
2016-04-04,47.8334233593,1.82415266,1182.3895255,,1.62939292,40.19,43.82
2016-04-05,47.858517424199995,1.82510879,1183.0052762,,1.63385717,40.23,43.98
2016-04-06,47.88362465315,1.82609854,1183.7178657,,1.62855803,39.49,43.2
2016-04-07,47.9087450542,1.82703205,1184.3261586,,1.63393261,39.67,43.3
2016-04-08,47.93387863425,1.82799322,1184.9432378,,1.65906567,39.67,44.57
2016-04-11,47.95902539905,1.82894755,1185.5446652,,1.67030286,40.93,44.4
2016-04-12,47.984185356649995,1.82989993,1186.1399515,,1.68302725,41.78,45.26
2016-04-13,48.0093585128,1.83087059,1186.8167685,,1.6897877,43.34,46.61
2016-04-14,48.03454487554999,1.83179769,1187.3888831,,1.6868314,42.56,45.95
2016-04-15,48.05974445179999,1.8327568,1187.9946953,,1.6870747,43.11,46.4
2016-04-18,48.0849572473,1.83369995,1188.6302438,,1.6872968,43.08,45.9
2016-04-19,48.1101832701,1.83466419,1189.2287087,,1.69537364,43.62,46.46
2016-04-20,48.1354225271,1.8356344,1189.8478302,,1.69563022,43.36,46.45
2016-04-22,48.16067502519999,1.83659106,1190.4244825,,1.69596242,43.11,45.78
2016-04-25,48.18594077015,1.83755187,1191.3675059,,1.69003554,42.94,45.47
2016-04-26,48.21121977,1.83850894,1191.9660236,,1.70103128,43.0,46.51
2016-04-27,48.236512031649994,1.83945663,1192.5404578,,1.71181677,44.03,47.29
2016-04-28,48.261817562,1.84039774,1193.1387908,,1.71454946,44.03,46.75
2016-04-29,48.28713636795,1.84136884,1193.7728171,1.0,1.7090438,43.69,46.65
2016-05-02,48.3124684564,1.84233555,1194.369302,1.0026442,1.70679137,43.45,46.69
2016-05-03,48.33781383424999,1.84329871,1194.9883905,0.9998621,1.69912714,42.67,45.94
2016-05-04,48.36317250955,1.84425981,1195.614373,0.9972067,1.70254498,42.71,46.15
2016-05-05,48.38854448805,1.84522803,1196.2442159,0.9985407,1.70334896,42.06,45.56
2016-05-06,48.413929776649994,1.84618743,1196.8488185,0.9986217,1.71232042,41.83,45.54
2016-05-09,48.439328383399996,1.84714592,1197.4830042,0.9968372,1.7083311,41.58,44.89
2016-05-10,48.46474031405,1.84810676,1198.1164331,1.0070534,1.72515217,42.76,46.28
2016-05-11,48.49016557665,1.84906911,1198.7058062,1.0071382,1.72581853,42.95,46.38
2016-05-12,48.51560417694999,1.85002606,1199.3257561,1.0109501,1.72194637,42.89,47.13
2016-05-13,48.54105612299999,1.85098395,1199.9533866,1.0087725,1.71592922,42.55,46.55
2016-05-16,48.566521421699996,1.85195343,1200.5981386,1.0118604,1.71610333,42.25,46.2
2016-05-17,48.59200007995,1.85292,1201.2248967,1.0066728,1.70560185,41.41,45.47
2016-05-18,48.61749210464999,1.85388903,1201.8469987,0.9976609,1.71032716,41.16,45.38
2016-05-19,48.64299750269999,1.85485946,1202.4890001,1.0006127,1.70752403,40.58,44.95
2016-05-20,48.668516280999995,1.85581892,1203.1351827,1.0056317,1.70412456,40.6,44.85
2016-05-23,48.69404844645,1.85678438,1203.7975441,0.9979268,1.69939597,40.28,44.25
2016-05-24,48.71959400709999,1.85775125,1204.4542195,1.0036667,1.69509939,40.36,44.5
2016-05-25,48.74515296869999,1.85872579,1205.0821515,1.0042608,1.70403626,40.8,44.67
2016-05-27,48.7707253393,1.85970517,1205.740016,1.0021002,1.69894985,40.0,44.44
2016-05-30,48.796311125799996,1.86067862,1206.4014728,1.00555328,1.70099469,40.0,44.2
2016-05-31,48.82191033509999,1.86164401,1207.0380848,1.002796,1.7023272,40.0,44.26
2016-06-01,48.847522974099995,1.86262226,1207.6837059,1.00572353,1.70466947,40.0,44.75
2016-06-02,48.8731490497,1.86359427,1208.2705035,1.01026093,1.70364089,40.5,45.67
2016-06-03,48.8987885688,1.8645548,1208.8997293,1.01520888,1.70473309,41.16,46.3
2016-06-06,48.924441538299995,1.86552822,1209.5143973,1.01885437,1.70845249,40.95,46.45
2016-06-07,48.950107966249995,1.86649701,1210.1438529,1.01837085,1.70552788,41.06,46.44
2016-06-08,48.975787859549996,1.86747421,1210.7796781,1.02211467,1.7219378,42.07,47.34
2016-06-09,49.00148122395,1.86844379,1211.4041425,1.02111638,1.72158235,42.07,47.13
2016-06-10,49.0271880675,1.86941258,1212.0484216,1.01400986,1.72047674,40.31,46.41
2016-06-13,49.0529083971,1.87038227,1212.7042985,1.01080647,1.71709101,40.53,46.02
2016-06-14,49.07864222079999,1.87151063,1213.3470087,1.00954932,1.71245094,39.7,45.1
2016-06-15,49.10438954434999,1.87249083,1213.9710518,1.01003995,1.72063339,39.92,45.38
2016-06-16,49.1301503758,1.87347793,1214.6133863,1.01115851,1.71984285,40.22,45.77
2016-06-17,49.155924720899996,1.87445292,1215.2602706,1.01154316,1.7256862,40.22,45.94
2016-06-20,49.1817125877,1.87543265,1215.9106247,1.0159508,1.73097781,41.0,46.54
2016-06-21,49.20751398309999,1.87641153,1216.5463638,1.01868223,1.74084318,40.95,47.01
2016-06-22,49.23332891399999,1.87738448,1217.1815025,1.01864763,1.73900983,41.0,47.11
2016-06-23,49.25915738845,1.87837848,1217.8478471,1.02699244,1.74529424,42.01,48.15
2016-06-24,49.284999412199994,1.87933747,1218.5322519,1.0112695,1.74298693,40.8,47.1
2016-06-27,49.3108549933,1.88031454,1219.1641108,1.00821799,1.73842912,40.25,46.6
2016-06-28,49.33672413864999,1.88130037,1219.7715546,1.02189271,1.74651344,40.83,47.1
2016-06-29,49.36260685515,1.88229759,1220.4066146,1.02740855,1.74985147,41.4,47.95
2016-06-30,49.38850315084999,1.88328858,1221.0959032,1.03234059,1.75069104,42.18,48.45
2016-07-01,49.4144130315,1.8842759,1221.726612,1.03311811,1.75282545,42.51,48.49
2016-07-04,49.44033650514999,1.8852503,1222.3705712,1.03409512,1.75693297,43.06,49.04
2016-07-05,49.4662735787,1.8862333,1223.0100732,1.02714535,1.74610783,43.06,48.85
2016-07-06,49.49222425905,1.8872172,1223.6568432,1.02772862,1.75014283,42.4,48.81
2016-07-07,49.518188553099996,1.8882026,1224.298088,1.02741564,1.74743545,42.4,48.99
2016-07-08,49.544166468899995,1.8891816,1224.9381108,1.03980473,1.75882683,43.26,49.85
2016-07-11,49.570158013349996,1.8901615,1225.5557612,1.04175263,1.7740737,44.14,50.72
2016-07-12,49.596163192199995,1.8911496,1226.1936382,1.04285593,1.77917752,44.7,50.99
2016-07-13,49.62218201465,1.8921379,1226.839134,1.04628082,1.78288787,44.35,51.6
2016-07-14,49.648214486449994,1.8931142,1227.484313,1.05040867,1.78983744,45.26,52.03
2016-07-15,49.67426061565,1.8941202,1228.1396667,1.05189677,1.79955238,45.47,52.61
2016-07-18,49.70032040915,1.895107,1228.7741147,1.05432966,1.80521453,46.05,53.7
2016-07-19,49.72639387385,1.8960805,1229.4103711,1.05235307,1.80320335,46.05,55.0
2016-07-20,49.75248101665,1.8970654,1230.0490852,1.05627731,1.8032772,46.42,54.13
2016-07-21,49.778581845599994,1.8980234,1230.6879429,1.05389571,1.80868002,46.42,54.54
2016-07-22,49.804696366449996,1.899049,1231.3612761,1.05317322,1.8136903,46.74,55.08
2016-07-25,49.8308245884,1.9000511,1232.0116808,1.05252551,1.81307077,46.41,54.9
2016-07-26,49.8569665172,1.9010433,1232.6532413,1.0565127,1.81211586,46.41,54.85
2016-07-27,49.883122159749995,1.9020379,1233.2719744,1.05777817,1.83009188,46.65,54.65
2016-07-28,49.9092915241,1.9030283,1233.9176161,1.05937594,1.83550731,46.65,54.25
2016-07-29,49.93547461715,1.9040211,1234.6105641,1.06549884,1.84682616,46.8,55.5
2016-08-01,49.96167144695,1.9050119,1235.2285373,1.06598547,1.84694645,46.5,55.8
2016-08-02,49.987882019249994,1.90600466,1235.8598753,1.06354113,1.84402469,45.74,55.28
2016-08-03,50.01410634209999,1.90699634,1236.5105271,1.06392145,1.85851283,46.55,56.0
2016-08-04,50.04034442239999,1.90799686,1237.1612258,1.06865061,1.86386097,47.19,56.3
2016-08-05,50.066596268199994,1.90898885,1237.7939223,1.07433955,1.85778555,47.19,56.57
2016-08-08,50.092861886399994,1.90998154,1238.4342199,1.07278287,1.85457502,47.3,55.8
2016-08-09,50.1191412839,1.91097132,1239.0916371,1.07879125,1.85670266,47.27,56.05
2016-08-10,50.14543446759999,1.91195987,1239.7452514,1.08008269,1.85751287,47.05,55.5
2016-08-11,50.17174144439999,1.91294424,1240.3863211,1.08014614,1.8741746,47.43,56.6
2016-08-12,50.198062222349996,1.9139485,1241.0187126,1.07872051,1.86842602,47.7,56.17
2016-08-15,50.224396808349994,1.91495628,1241.6688268,1.08063962,1.87015949,48.33,56.43
2016-08-16,50.25074521044999,1.91594481,1242.3086151,1.08105762,1.87489131,48.35,56.42
2016-08-17,50.27710743555,1.91694459,1243.9728773,1.08015575,1.88213073,48.35,56.7
2016-08-18,50.30348349055,1.91793934,1244.6267688,1.07882022,1.88279661,48.35,56.9
2016-08-19,50.329873382349994,1.91894576,1245.3057884,1.0817449,1.88414731,48.41,57.03
2016-08-22,50.356277119,1.91994286,1245.9505897,1.08198183,1.88058318,47.2,56.05
2016-08-23,50.38269470739999,1.92094374,1246.6346759,1.08154038,1.87757134,47.72,55.89
2016-08-24,50.40912615444999,1.92194361,1247.2937555,1.07979428,1.87038297,47.56,55.65
2016-08-25,50.435571468199996,1.92293672,1247.9618314,1.07836492,1.86912932,47.2,55.45
2016-08-26,50.462030655549995,1.92393935,1248.6125636,1.06984907,1.87071254,47.31,55.35
2016-08-29,50.488503723399994,1.9249275,1249.2938568,1.07667925,1.87445483,47.94,55.86
2016-08-30,50.5149906798,1.92591904,1249.9157379,1.07532659,1.88092658,47.9,55.75
2016-08-31,50.541491531649996,1.92692359,1250.5872297,1.07860519,1.88364354,47.45,55.5
2016-09-01,50.568006285850004,1.92793801,1251.239756,1.07801013,1.88116997,47.66,55.65
2016-09-02,50.59453495045,1.92893017,1251.8943869,1.08018708,1.88939772,48.51,56.48
2016-09-05,50.62107753235,1.92990131,1252.5279972,1.07758638,1.893553,48.7,57.5
2016-09-06,50.64763403845,1.93091358,1253.1929875,1.08327817,1.89744425,49.1,57.64
2016-09-08,50.67420447679999,1.93191682,1253.8201166,1.08437777,1.89925159,49.4,57.7
2016-09-09,50.700788854299994,1.9329464,1254.4844217,1.06862926,1.89242264,47.75,56.15
2016-09-12,50.72738717784999,1.93397015,1255.1824233,1.07675735,1.89604633,47.59,56.46
2016-09-13,50.753999455499994,1.93498863,1255.8367622,1.06392467,1.88616846,46.63,54.91
2016-09-14,50.78062569415,1.93601496,1256.559167,1.06220755,1.88675443,46.88,55.21
2016-09-15,50.807265901849995,1.93703955,1257.2293314,1.07175775,1.89286849,47.46,56.6
2016-09-16,50.83392008435,1.93803948,1257.8633085,1.0767934,1.89163432,46.73,55.3
2016-09-19,50.86058825085,1.93904418,1258.5216635,1.07824783,1.89226622,47.17,55.65
2016-09-20,50.8872704071,1.94003484,1259.1676641,1.08302905,1.8952187,47.26,55.8
2016-09-21,50.91396656114999,1.94103777,1259.8080081,1.09433445,1.89632656,47.26,56.34
2016-09-22,50.940676721049996,1.94231091,1260.428671,1.09934981,1.89953244,48.43,57.3
2016-09-23,50.967400893699995,1.94329489,1261.0492759,1.09964735,1.89313921,47.9,56.4
2016-09-26,50.994139086,1.9442929,1261.7053995,1.09738777,1.88931437,47.47,55.91
2016-09-27,51.02089130485,1.94530921,1262.3644203,1.09844348,1.88491775,47.59,55.82
2016-09-28,51.047657558299996,1.94630756,1262.9896164,1.10168739,1.89625179,48.57,57.3
2016-09-29,51.074437854399996,1.94731469,1263.6083207,1.09924643,1.8944442,48.57,55.8
2016-09-30,51.10123220005,1.94833792,1264.2521229,1.10320192,1.89255772,47.75,55.58
2016-10-03,51.128040602149994,1.94934131,1264.8806105,1.10709377,1.90738489,48.58,56.5
2016-10-04,51.1548630676,1.95033828,1265.5015407,1.09900064,1.90721159,48.58,56.21
2016-10-05,51.181699604449996,1.95135468,1266.1770309,1.10528821,1.91765468,49.32,57.0
2016-10-06,51.20855022075,1.95235077,1266.8027257,1.10354395,1.92345179,49.5,57.5
2016-10-07,51.23541492339999,1.95335686,1267.4406985,1.1042645,1.92953816,49.84,57.8
2016-10-10,51.2622937193,1.95436565,1268.1899078,1.10444897,1.93538774,50.21,58.12
2016-10-11,51.2891866165,1.95537799,1268.8389963,1.1017778,1.93324098,49.7,57.45
2016-10-13,51.316093621899995,1.95639991,1269.4963598,1.10059619,1.93743931,50.0,57.57
2016-10-14,51.343014742399994,1.9574203,1270.1473901,1.101122,1.94643387,50.0,58.1
2016-10-17,51.36994998605,1.95842767,1270.7903489,1.09984814,1.94853805,50.87,58.1
2016-10-18,51.396899360899994,1.95945689,1271.4417011,1.10090992,1.95163759,52.03,58.96
2016-10-19,51.42386287384999,1.96047732,1272.1010832,1.10727492,1.96622241,52.06,58.72
2016-10-20,51.45084053179999,1.96151329,1272.7496844,1.11265634,1.96643545,51.9,58.9
2016-10-21,51.477384387899995,1.96253288,1273.4007797,1.10632059,1.96243542,52.28,59.18
2016-10-24,51.50394193819999,1.96355033,1274.0702355,1.1142292,1.96992295,52.25,59.58
2016-10-25,51.53051318959999,1.96454121,1274.7075377,1.11345008,1.97205618,51.92,59.02
2016-10-26,51.55709815014999,1.9656052,1275.3981368,1.10943606,1.96967961,51.85,59.8
2016-10-27,51.58369682559999,1.96660992,1276.0549796,1.10561395,1.96774842,52.47,59.1
2016-10-28,51.610309224,1.96762806,1276.7139285,1.10478106,1.96898081,52.56,59.65
2016-10-31,51.63693535109999,1.96861031,1277.3696884,1.10458686,1.95956109,52.73,59.5
2016-11-01,51.66357521495,1.96966351,1278.0612096,1.09954827,1.95880743,51.56,58.15
2016-11-03,51.69022882245,1.97062456,1278.7252448,1.0974841,1.9628896,51.65,57.0
2016-11-04,51.7168961805,1.97164809,1279.3719268,1.10088135,1.96436731,50.1,56.32
2016-11-07,51.74357729715,1.97261883,1280.0088203,1.10376011,1.96898747,51.82,59.99
2016-11-08,51.770272178149995,1.97367239,1280.6390493,1.106896,1.96946442,51.69,58.06
2016-11-09,51.796980831549995,1.97469934,1281.2847262,1.12242705,1.95963995,51.53,60.0
2016-11-10,51.82370326425,1.97570709,1281.9629619,1.10640627,1.94413198,50.19,54.91
2016-11-11,51.85043948314999,1.97669209,1282.672499,1.10817725,1.93949485,47.95,53.14
2016-11-14,51.87718949515,1.97770402,1283.3525507,1.09052704,1.92726998,48.22,53.16
2016-11-16,51.9039533083,1.97877942,1284.0790612,1.10334886,1.92531653,49.33,52.96
2016-11-17,51.930730928349995,1.97981648,1284.6957959,1.10161705,1.93299505,49.02,53.37
2016-11-18,51.957522363349995,1.9808787,1285.3708623,1.10772138,1.93330865,48.73,53.36
2016-11-21,51.9843276202,1.98185892,1286.0394119,1.1178015,1.93400009,49.33,53.9
2016-11-22,52.011146705799995,1.98287858,1286.6459222,1.11937127,1.93714611,50.11,54.1
2016-11-23,52.03797962819999,1.98383058,1287.2971189,1.1170323,1.93710174,50.07,53.92
2016-11-24,52.06482639429999,1.98483747,1287.9666379,1.11598273,1.94024533,50.03,54.07
2016-11-25,52.09168700985,1.98590348,1288.6429688,1.10967253,1.94413536,49.76,55.0
2016-11-28,52.11856148405,1.9869296,1289.2978921,1.11347803,1.93959439,50.66,54.56
2016-11-29,52.145449822649994,1.98794696,1289.9341948,1.1156089,1.94635096,50.17,53.65
2016-11-30,52.17235203255,1.98896785,1290.5770545,1.11916334,1.9425138,50.2,55.0
2016-12-01,52.199268121799996,1.98981516,1291.217231,1.09851179,1.94901115,48.12,52.33
2016-12-02,52.225742631749995,1.99082326,1291.9488411,1.09387539,1.94915219,48.75,52.35
2016-12-05,52.2522305691,1.99185746,1292.5969331,1.11171942,1.95137192,48.73,52.19
2016-12-06,52.27873194075,1.99287687,1293.2123306,1.11072797,1.95607963,49.34,52.79
2016-12-07,52.305246753599995,1.99387774,1293.8749359,1.11787475,1.95912494,49.67,53.25
2016-12-08,52.3317750134,1.99486451,1294.4988587,1.13059756,1.96321255,49.15,53.42
2016-12-09,52.358316728199995,1.99582672,1295.1077689,1.13304087,1.96471742,49.34,53.1
2016-12-12,52.384871904899995,1.99682364,1295.7353593,1.13137362,1.96998326,47.98,52.18
2016-12-13,52.411440549249996,1.99783713,1296.3772601,1.13575025,1.96744114,48.02,52.65
2016-12-14,52.4380226693,1.99883714,1297.0191523,1.13637729,1.96992974,47.98,51.82
2016-12-15,52.464618270799996,1.99983037,1297.6637214,1.13092184,1.9675298,47.52,52.1
2016-12-16,52.4912273618,2.00087093,1298.3193941,1.13425756,1.97347679,47.66,52.3
2016-12-19,52.51784994804999,2.00188765,1298.9489421,1.13566345,1.97508666,46.7,51.72
2016-12-20,52.544486036449996,2.00290486,1299.5987909,1.1460803,1.97259303,46.68,51.55
2016-12-21,52.57113563389999,2.00392201,1300.2254,1.1527267,1.97864121,46.75,52.0
2016-12-22,52.59779874844999,2.00491689,1300.8401355,1.16030182,1.98061913,46.62,52.15
2016-12-23,52.62447538585,2.00597776,1301.4840702,1.16444812,1.98576101,47.15,52.5
2016-12-26,52.65116555299999,2.00698427,1302.1229509,1.16506571,1.98841899,47.77,52.85
2016-12-27,52.677869256799994,2.0080025,1302.7387876,1.16706055,1.99394677,47.55,53.15
2016-12-28,52.70458650415,2.00900651,1303.3737883,1.16414722,1.9998092,48.55,53.95
2016-12-29,52.73131730194999,2.01004544,1304.0105238,1.16479629,2.00494379,48.9,54.1
2016-12-30,52.7580616571,2.01111339,1304.6623523,1.16473638,2.00519034,48.9,54.1
2017-01-02,52.78481957649999,2.01213372,1305.2985792,1.1725589,2.00658143,48.5,54.0
2017-01-03,52.811591067049996,2.01317065,1305.9340237,1.17817889,2.00731193,49.93,55.45
2017-01-04,52.83837613565,2.01418957,1306.5867564,1.17940941,2.01282137,50.08,56.99
2017-01-05,52.8651747892,2.01520941,1307.2597506,1.18381144,2.02060651,50.66,56.99
2017-01-06,52.8919870346,2.01619926,1307.8890992,1.18222973,2.02341452,50.01,56.5
2017-01-09,52.918812878749996,2.01720421,1308.5318603,1.18878459,2.0260911,50.38,57.0
2017-01-10,52.94565232855,2.01819827,1309.1889444,1.19495047,2.02768407,50.37,56.3
2017-01-11,52.9725053909,2.01919626,1309.8194763,1.19717002,2.02933438,50.61,56.52
2017-01-12,52.9993720727,2.02023843,1310.4676335,1.2004817,2.03159577,51.97,58.1
2017-01-13,53.02485893505,2.02117555,1311.0450029,1.19708936,2.03501259,51.56,58.2
2017-01-16,53.050358052949996,2.0221956,1311.6048986,1.19591473,2.03677124,51.71,59.0
2017-01-17,53.0758694333,2.02315894,1312.2907449,1.20064938,2.04066388,52.15,59.13
2017-01-18,53.10139308185,2.02410081,1312.9209103,1.20092428,2.04173587,52.23,58.8
2017-01-19,53.12692900434999,2.02552872,1313.5553691,1.20703005,2.03843541,51.6,57.89
2017-01-20,53.152477206549996,2.02645988,1314.1627892,1.21136119,2.0428612,52.35,58.87
2017-01-23,53.17803769535,2.02744389,1314.9125631,1.21251089,2.04469866,53.25,59.4
2017-01-24,53.20361047535,2.02841802,1315.5288086,1.21752815,2.04539051,53.43,60.04
2017-01-25,53.22919555345,2.02938248,1316.1357296,1.22433784,2.04542121,53.43,60.04
2017-01-26,53.2547929354,2.03035671,1316.7384075,1.22164554,2.04473813,53.7,60.76
2017-01-27,53.28040262695,2.03143914,1317.3981814,1.22790828,2.04534945,53.57,61.0
2017-01-30,53.30602463385,2.03239907,1318.0009404,1.22614504,2.04970708,52.12,60.4
2017-01-31,53.33165896184999,2.03339053,1318.6144864,1.21925339,2.05265066,52.46,60.5
2017-02-01,53.357305616699996,2.0343823,1319.2369402,1.2225084,2.0573707,52.72,60.58
2017-02-02,53.382964605299996,2.03535542,1319.8860042,1.22928317,2.05559418,52.55,60.75
2017-02-03,53.40863593339999,2.03645445,1320.497653,1.23795991,2.05182256,52.67,61.19
2017-02-06,53.4343196056,2.03741194,1321.0870819,1.23622483,2.05515967,52.27,60.7
2017-02-07,53.4600156288,2.03849435,1321.718234,1.24009334,2.05812203,52.01,60.37
2017-02-08,53.4857240099,2.03950106,1322.3470608,1.24581074,2.06000492,52.36,60.85
2017-02-09,53.5114447535,2.04047457,1322.9672628,1.24694723,2.0636372,52.57,61.58
2017-02-10,53.537177865349996,2.04151876,1323.5885058,1.25114214,2.07213866,53.72,62.54
2017-02-13,53.56292335235,2.04244507,1324.2046083,1.25256044,2.07641137,54.13,63.3
2017-02-14,53.588681220249995,2.04343137,1324.8082359,1.25353965,2.07407379,54.35,63.0
2017-02-15,53.6144514748,2.04441441,1325.4532905,1.2634873,2.07720523,55.09,63.85
2017-02-16,53.64023412175,2.04542799,1326.080426,1.25870526,2.07616043,54.99,64.0
2017-02-17,53.666029168,2.04649969,1326.7304886,1.2569104,2.07947986,54.97,64.25
2017-02-20,53.69183661815,2.04749521,1327.3422942,1.2604288,2.08699743,55.62,65.0
2017-02-21,53.7176564791,2.04848165,1327.9740612,1.26332387,2.08836486,55.91,65.6
2017-02-22,53.743488756599994,2.04938933,1329.1461248,1.26503797,2.0800088,55.49,64.7
2017-02-23,53.7693334564,2.05039387,1329.7782675,1.26991174,2.08187709,54.77,64.15
2017-02-24,53.79376750869999,2.05134015,1330.3115121,1.26072527,2.08087989,54.15,63.8
2017-03-01,53.81821266425,2.05229355,1330.9364164,1.27194118,2.08424268,54.39,64.77
2017-03-02,53.842668927649996,2.05322639,1331.5142404,1.26236183,2.08762896,53.61,63.95
2017-03-03,53.867136304649996,2.05409118,1332.1412079,1.26728106,2.08060855,54.18,64.15
2017-03-06,53.891614800999996,2.05517302,1332.68626,1.2661422,2.08279363,53.89,64.5
2017-03-07,53.91610442015,2.05610899,1333.2842199,1.26407525,2.08819949,53.72,64.7
2017-03-08,53.940605167849995,2.05704846,1333.9012108,1.25883776,2.07464113,52.83,63.34
2017-03-09,53.965117049849994,2.0579973,1334.5283508,1.2577339,2.06914077,52.42,62.2
2017-03-10,53.98964007074999,2.059015,1335.1527015,1.2577339,2.06914077,52.75,62.75
2017-03-13,54.014174235149994,2.059015,1335.1527015,1.2577339,2.06914077,52.75,62.75
